课程名称,章名称,知识点名称
妇产科学,绪论,妇产科学的范畴
妇产科学,绪论,妇产科学的起源与发展
妇产科学,绪论,妇产科学的未来与展望
妇产科学,绪论,妇产科学课程的特点与学习要点
妇产科学,女性生殖系统解剖,外生殖器
妇产科学,女性生殖系统解剖,内生殖器
妇产科学,女性生殖系统解剖,血管、淋巴及神经
妇产科学,女性生殖系统解剖,骨盆
妇产科学,女性生殖系统解剖,骨盆底
妇产科学,女性生殖系统解剖,邻近器官
妇产科学,妊娠生理,妇女一生各阶段的生理特点
妇产科学,妊娠生理,月经及月经期的临床表现
妇产科学,妊娠生理,卵巢功能及周期性变化
妇产科学,妊娠生理,子宫内膜及生殖器其他部位的周期性变化
妇产科学,妊娠生理,月经周期的调节
妇产科学,妊娠生理,其他内分泌腺功能对月经周期的影响
妇产科学,妊娠生理,受精及受精卵发育、输送与着床
妇产科学,妊娠生理,胎儿附属物的形成与功能
妇产科学,妊娠生理,妊娠期母体的变化
妇产科学,妊娠诊断,早期妊娠的诊断
妇产科学,妊娠诊断,中、晚期妊娠的诊断
妇产科学,妊娠诊断,胎姿势、胎产式、胎先露、胎方位
妇产科学,产前检查与孕期保健, 产前检查
妇产科学,产前检查与孕期保健,评估胎儿健康的技术
妇产科学,产前检查与孕期保健,孕期营养和体重管理
妇产科学,产前检查与孕期保健,产科合理用药
妇产科学,产前检查与孕期保健,孕期常见症状及其处理
妇产科学,产前检查与孕期保健,遗传咨询
妇产科学,产前检查与孕期保健,产前筛查
妇产科学,产前检查与孕期保健,产前诊断
妇产科学,产前检查与孕期保健,胎儿手术
妇产科学,产前检查与孕期保健,自然流产
妇产科学,妊娠并发症,异位妊娠
妇产科学,妊娠并发症,[附1]子宫残角妊娠
妇产科学,妊娠并发症,[附2]剖宫产瘢痕部位妊娠
妇产科学,妊娠并发症,妊娠剧吐
妇产科学,妊娠并发症,妊娠期高血压疾病
妇产科学,妊娠并发症,[附]HELLP综合征
妇产科学,妊娠并发症,妊娠期肝内胆汁淤积症
妇产科学,妊娠并发症, 妊娠期急性脂肪肝
妇产科学,妊娠并发症,早产
妇产科学,妊娠并发症,过期妊娠
妇产科学,妊娠合并内外科疾病,心脏病
妇产科学,妊娠合并内外科疾病, 糖尿病
妇产科学,妊娠合并内外科疾病, 病毒性肝炎
妇产科学,妊娠合并内外科疾病,TORCH 综合征
妇产科学,妊娠合并内外科疾病,性传播疾病
妇产科学,妊娠合并内外科疾病,血液系统疾病
妇产科学,妊娠合并内外科疾病,甲状腺疾病
妇产科学,妊娠合并内外科疾病,急性阑尾炎
妇产科学,妊娠合并内外科疾病,急性胰腺炎
妇产科学,胎儿异常与多胎妊娠,出生缺陷
妇产科学,胎儿异常与多胎妊娠,胎儿生长受限
妇产科学,胎儿异常与多胎妊娠,巨大胎儿
妇产科学,胎儿异常与多胎妊娠,胎儿窘迫
妇产科学,胎儿异常与多胎妊娠,死胎
妇产科学,胎儿异常与多胎妊娠,多胎妊娠
妇产科学,胎儿附属物异常,前置胎盘
妇产科学,胎儿附属物异常,胎盘早剥
妇产科学,胎儿附属物异常,胎盘植入
妇产科学,胎儿附属物异常,胎膜早破
妇产科学,胎儿附属物异常,羊水量异常
妇产科学,胎儿附属物异常,脐带异常
妇产科学,正常分娩,分娩动因
妇产科学,正常分娩,决定分娩的因素
妇产科学,正常分娩,枕先露的分娩机制
妇产科学,正常分娩,先兆临产、临产与产程
妇产科学,正常分娩,产程处理与分娩
妇产科学,正常分娩, [附]剖宫产术后再次妊娠阴道分娩
妇产科学,正常分娩,分娩镇痛
妇产科学,异常分娩,概论
妇产科学,异常分娩,产力异常
妇产科学,异常分娩,产道异常
妇产科学,异常分娩,胎位异常
妇产科学,异常分娩,肩难产
妇产科学,分娩并发症,产后出血
妇产科学,分娩并发症,羊水栓塞
妇产科学,分娩并发症,子宫破裂
妇产科学,产褥期与产褥期疾病,正常产褥
妇产科学,产褥期与产褥期疾病,母乳喂养
妇产科学,产褥期与产褥期疾病,产褥感染
妇产科学,产褥期与产褥期疾病,晚期产后出血
妇产科学,产褥期与产褥期疾病,产褥期抑郁症
妇产科学,妇科病史及检查,妇科病史
妇产科学,妇科病史及检查,体格检查
妇产科学,妇科病史及检查,妇科疾病常见症状的鉴别要点
妇产科学,外阴色素减退性疾病,外阴慢性单纯性苔藓
妇产科学,外阴色素减退性疾病,外阴硬化性苔藓
妇产科学,外阴色素减退性疾病,其他外阴色素减退性疾病
妇产科学,外阴及阴道炎症,阴道微生态
妇产科学,外阴及阴道炎症,非特异性外阴炎
妇产科学,外阴及阴道炎症,前庭大腺炎症
妇产科学,外阴及阴道炎症,滴虫阴道炎
妇产科学,外阴及阴道炎症,外阴阴道假丝酵母菌病
妇产科学,外阴及阴道炎症,细菌性阴道病 
妇产科学,外阴及阴道炎症,萎缩性阴道炎
妇产科学,外阴及阴道炎症,婴幼儿外阴阴道炎
妇产科学,子宫颈炎症,急性子宫颈炎
妇产科学,子宫颈炎症,慢性子宫颈炎
妇产科学,盆腔炎性疾病及生殖器结核,盆腔炎性疾病
妇产科学,盆腔炎性疾病及生殖器结核,生殖器结核
妇产科学,子宫内膜异位症与子宫腺肌病,子宫内膜异位症
妇产科学,子宫内膜异位症与子宫腺肌病,子宫腺肌病
妇产科学,女性生殖器发育异常,女性生殖器的发生
妇产科学,女性生殖器发育异常,常见的女性生殖器发育异常
妇产科学,女性生殖器发育异常,女性性发育异常
妇产科学,盆底功能障碍性及生殖器损伤疾病,女性盆底组织解剖及功能
妇产科学,盆底功能障碍性及生殖器损伤疾病,盆腔器官脱垂
妇产科学,盆底功能障碍性及生殖器损伤疾病, 压力性尿失禁
妇产科学,盆底功能障碍性及生殖器损伤疾病,生殖道瘘
妇产科学,外阴肿瘤,外阴良性肿瘤
妇产科学,外阴肿瘤,外阴鳞状上皮内病变
妇产科学,外阴肿瘤,外阴恶性肿瘤
妇产科学,子宫颈肿瘤,子宫颈鳞状上皮内病变
妇产科学,子宫颈肿瘤,子宫颈癌
妇产科学,子宫肿瘤,子宫肌瘤
妇产科学,子宫肿瘤,子宫内膜癌
妇产科学,子宫肿瘤,子宫肉瘤
妇产科学,卵巢肿瘤、输卵管肿瘤及原发性腹膜癌,卵巢肿瘤概论
妇产科学,卵巢肿瘤、输卵管肿瘤及原发性腹膜癌,卵巢上皮性肿瘤
妇产科学,卵巢肿瘤、输卵管肿瘤及原发性腹膜癌,卵巢非上皮性肿瘤
妇产科学,卵巢肿瘤、输卵管肿瘤及原发性腹膜癌,卵巢转移性肿瘤
妇产科学,妊娠滋养细胞疾病,葡萄胎
妇产科学,妊娠滋养细胞疾病,妊娠滋养细胞肿瘤
妇产科学,妊娠滋养细胞疾病,胎盘部位滋养细胞肿瘤
妇产科学,生殖内分泌疾病,异常子宫出血
妇产科学,生殖内分泌疾病,[附]子宫内膜息肉
妇产科学,生殖内分泌疾病,闭经
妇产科学,生殖内分泌疾病,多囊卵巢综合征
妇产科学,生殖内分泌疾病,痛经
妇产科学,生殖内分泌疾病,经前期综合征
妇产科学,生殖内分泌疾病,绝经综合征
妇产科学,生殖内分泌疾病,高催乳素血症
妇产科学,生殖内分泌疾病,早发性卵巢功能不全
妇产科学,不孕症与辅助生殖技术,不孕症
妇产科学,不孕症与辅助生殖技术,辅助生殖技术
妇产科学,计划生育,避孕
妇产科学,计划生育,计划生育相关的输卵管手术
妇产科学,计划生育,避孕失败的补救措施
妇产科学,计划生育,避孕节育措施的选择
妇产科学,性及女性性功能障碍,性欲、性行为及其影响因素
妇产科学,性及女性性功能障碍,女性性反应和性反应周期
妇产科学,性及女性性功能障碍,女性性反应和性反应周期
妇产科学,性及女性性功能障碍,女性性功能障碍
妇产科学,性及女性性功能障碍,女性性卫生和性健康教育
妇产科学,妇女保健,妇女保健的意义与组织机构
妇产科学,妇女保健,妇女保健工作的任务
妇产科学,妇女保健,妇女保健统计指标、孕产妇死亡与危重症评审制度
妇产科学,妇产科常用特殊检查,产前筛查和产前诊断常用的检查方法
妇产科学,妇产科常用特殊检查,羊水检查
妇产科学,妇产科常用特殊检查,生殖道脱落细胞学检查
妇产科学,妇产科常用特殊检查,子宫颈脱落细胞HPV检测
妇产科学,妇产科常用特殊检查,妇科肿瘤标志物检查与相关基因检测
妇产科学,妇产科常用特殊检查,女性生殖器活组织检查
妇产科学,妇产科常用特殊检查,女性内分泌激素测定
妇产科学,妇产科常用特殊检查,输卵管通畅检查
妇产科学,妇产科常用特殊检查,常用穿刺检查
妇产科学,妇产科常用特殊检查,产科影像检查
妇产科学,妇产科常用特殊检查,妇科影像检查
妇产科学,妇产科内镜,胎儿镜
妇产科学,妇产科内镜,阴道镜
妇产科学,妇产科内镜,宫腔镜
妇产科学,妇产科内镜,腹腔镜